{
  "users": [
    {
      "id": "b7e1",
      "uname": "qa",
      "email": "qa@hexaware.com",
      "pass": "pojkjkjk",
      "state": "TS"
    },
    {
      "id": "c7ad",
      "uname": "tester",
      "email": "test@hexaware.com",
      "pass": "sdsdsd",
      "state": "KAR"
    },
    {
      "id": "8276",
      "uname": "sam",
      "email": "sam@hexaware.com",
      "pass": "sdsdsdsd",
      "state": "MH"
    },
    {
      "id": "44d2",
      "uname": "tom",
      "email": "tom@hexaware.com",
      "pass": "lklksdsdd",
      "state": "KAR"
    }
  ]
}